CATEGORY,TAGS
Your child's development > Parent support (13-18years)  >  School problems (13-18 years),"""tagThree""   : count: 5  |  ""tagFour""   : count: 5  |  ""tagTwo""   : count: 4  |  ""tagOne""   : count: 4  |  ""another tag""   : count: 2  |  ""zzz""   : count: 1  |  ""tagTzzzwo""   : count: 1"
Gender and sexuality > LGBT + support,"""tagThree""   : count: 3  |  ""tagFour""   : count: 3  |  ""tagTzzzwo""   : count: 3  |  ""zzz""   : count: 3"
Find a job and career advice > Find a job > Find a graduate job,no tags
Crime support > Hate crimes and discrimination > Gender identity discrimination,no tags
Crime support > Hate crimes and discrimination > Religious discrimination,no tags
Crime support > Cyber crime > Online bullying or trolling,no tags
Insurance > Problems getting insurance,no tags
Find a job and career advice > Find a volunteering opportunity,no tags
Dental and oral health > Emergency dental care,no tags
Crime support > Terrorism or extremism > Report terrorism suspicions,no tags
Dating > Online dating > Dating online safety advice,no tags
Complimentary therapies > Acupuncture or acupressure,no tags
Breaking up > End a marriage or partnership > Managed divorce services,no tags
Caring and care services > Understanding care options,no tags
Diabetes > Diabetes support(general),no tags
"Heart, blood and circulation > Heart > Heart health",no tags
Abusive relationships > Safety in abusive relationships,no tags
Benefits and tax credits > Challenge a benefit decision,no tags
Caring and care services > Help to pay for home adaptations,no tags
Cancer > Brain tumours > Hemangioblastoma,no tags
Benefits and tax credits > Disability benefits,no tags
Help with home costs and bills > Help with rent > Help with Housing Benefits,no tags
Help with home costs and bills > Help with rent > Struggling to pay rent,no tags
Children's health  >  Diabetes in children,no tags
Help with home costs and bills > Help with rent > Discretionary housing payments,no tags
Dental and oral health > Teeth straightening,no tags
Cancer > Blood cancer > Hairy cell leukaemia,no tags
Children with additional needs > Children with Autism,no tags
Crime support > Collisions and road traffic accidents > Road accident support,no tags
Insurance > Disputing an insurance claim,no tags
Find a job and career advice > Help to apply for a job > Cover letters,no tags
"Crime support > Theft, robbery and burglary > Robbery",no tags
Health and care services > Find NHS services,no tags
Living environment > Neighbours > Get to know your neighbours,no tags
Crime support > Modern slavery > Forced labour and slavery,no tags
Crime support > Cyber crime > Webcam blackmail,no tags
Adoption and foster care > Support for those adopted > Finding out you are adopted,no tags
Accidents and injuries > Accident prevention > Child safety,no tags
Accidents and injuries > Burns and scalds > Acid and chemical burns,no tags
Crime support > Child abuse > Child abuse support for families,no tags
Cancer > Blood cancer > Myeloma,no tags
Complimentary therapies > Osteopathy or chiropractic,no tags
Children with learning disabilities > Children with GDD,no tags
Health and care services > Health advice in other languages,no tags
Abusive relationships > Check partner's history of abuse,no tags
Crime support > Stalking > Record stalking incidents,no tags
Crime support > Report vandals or antisocial behaviour,no tags
Complimentary therapies > Homeopathy,no tags
Help with home costs and bills > Help with bills > Other help to pay for bills,no tags
Find a job and career advice > Career skills and training > Skills health check,no tags
"Crime support > Theft, robbery and burglary > Report a theft, robbery or burglary",no tags
Childcare > Day nurseries,no tags
Crime support > Gang crime > Report gang crime,no tags
"Support for parents > Having twins, triplets or more",no tags
"Brain, nerves and spinal cord > Dementia and Alzheimer's  >  Caring for someone with dementia",no tags
Sexual and reproductive health > Pregnancy health > Antiphospholipid syndrome APS,no tags
Breaking up > Ending a relationship > Considering splitting up,no tags
Crime support > Kidnapping or child abductions > Kidnap / abduction support for families,no tags
"Skin, hair and nails > Common skin conditions > Psoriasis",no tags
"Skin, hair and nails > Common skin conditions > Cold sores",no tags
Breaking up > Sorting housing matters > Separation housing rights(married),no tags
"Skin, hair and nails > Birthmarks and scars > Birthmarks",no tags
Repossessions and evictions > Renters facing eviction,no tags
Help with home costs and bills > Help with bills > Water bills,no tags
Sexual and reproductive health > Sexual health resources,no tags
Health and care services > Help in hospital,no tags
Sexual and reproductive health > STI's: Sexually Transmitted Infections  >  Genital warts,no tags
"Skin, hair and nails > Acne and spots > Spots",no tags
Abusive relationships > Support for abusers to stop,no tags
Allergies > Allergies(general),no tags
Health and care services > Donors and recipients,no tags
Find a job and career advice > Find a job > Recruitment agencies,no tags
Children with learning disabilities > Children with Cerebral palsy,no tags
Crime support > Scams and fraud > Counterfeit or pirated goods,no tags
Ears and hearing > Outer ear infections,no tags
Sex and intimacy > Intimacy issues,no tags
Sexual and reproductive health > Fertility treatments,no tags
Sex and intimacy > Safe sex and sex education,no tags
Childcare > Childcare complaints,no tags
Children with learning disabilities > Children with Down's syndrome,no tags
Childcare > Playgroups,no tags
Cancer > Stomach(gastric) cancers > Rectal cancer,no tags
Cancer > Kidney cancer > Other kidney cancer,no tags
Sexual and reproductive health > STI's: Sexually Transmitted Infections  >  Other STI's,no tags
"Skin, hair and nails > Skin conditions > Achyonychia congenita",no tags
Sleep problems > Trouble sleeping,no tags
"Muscles, bones and joints > Elbow problems",no tags
Find a job and career advice > Interview support > Mock interview practice,no tags
Child loss > Child loss support,no tags
"Skin, hair and nails > Common skin conditions > Vitiligo",no tags
Relationship support > Problems communicating in couples,no tags
Problems at work > Support for workers > Zero hours,no tags
Mental health > Mental health and work,no tags
Money management > Arranging Power of Attorney,no tags
Missing person > People missing abroad,no tags
"Skin, hair and nails > Skin conditions > Venous leg ulcers",no tags
Children's health  >  Children's heart conditions,no tags
Childcare > Virtual nannies,no tags
"Skin, hair and nails > Skin conditions > Hereditary angioedema",no tags
"Muscles, bones and joints > Arthritis and related conditions > Enteropathic arthritis",no tags
Support for parents > Parents on low incomes,no tags
Starting a family > Becoming foster parents > Fostering agencies,no tags
Crime support > Modern slavery > Report slavery concerns,no tags
"Skin, hair and nails > Skin conditions > Ectodermal dysplasia",no tags
Crime support > Child abuse > Report child abuse suspicions,no tags
Spiritual wellbeing > Hinduism support,no tags
Crime support > Kidnapping or child abductions > Report kidnapping or abduction,no tags
"Skin, hair and nails > Skin conditions > Palmoplantar keratoderma",no tags
Mental health > Children's mental health  >  Trauma and PTSD in children,no tags
Lungs and breathing > Legionnaires' disease,no tags
Rare genetic disorders > Primary immunodeficiencies,no tags
Help with home costs and bills > Help with bills > Cold weather payments,no tags
"Muscles, bones and joints > Arthritis and related conditions > Fibromyalgia",no tags
Diabetes > Gestational diabetes,no tags
Accidents and injuries > Accident prevention > Safety out and about,no tags
Women's health > Pelvic health  >  Pelvic inflammatory disease (PID),no tags
Lungs and breathing > Other lung diseases,no tags
Digestive system and liver > Common digestive problems > Haemorrhoids(piles),no tags
Crime support > Hate crimes and discrimination > Sexual orientation discrimination,no tags
Starting a family > Surrogacy support > Support for surrogate parents,no tags
"Skin, hair and nails > Skin growths and lesions > Seborrhoeic keratoses",no tags
Sex and intimacy > Reduced sex drive,no tags
Urinary and bladder > Urinary incontinence,no tags
Men's health  >  Benign prostate enlargement,no tags
Cancer > Stomach(gastric) cancers > Pancreatic cancer,no tags
Problems at work > Support for workers > Information and Communication Technology,no tags
Help a child facing issues > My child is drinking,no tags
Dental and oral health > Broken or knocked out tooth,no tags
Digestive system and liver > Digestive and gut health > Digestive and gut health(general),no tags
Allergies > Food allergies,no tags
Starting a family > Surrogacy support > Surrogacy agencies,no tags
Find a job and career advice > Help to apply for a job > CV writing services,no tags
Cancer > Rare cancers > Thymomas and thymus gland tumours,no tags
Crime support > Hate crimes and discrimination > Disability discrimination,no tags
Victim support > Compensation and financial aid,no tags
Help to buy the essentials > Help with clothing costs > Help with school clothes,no tags
Digestive system and liver > Intestine conditions > Crohn's disease,no tags
Abusive relationships > Report domestic abuse,no tags
Digestive system and liver > Digestive and gut health > Achalasia,no tags
Digestive system and liver > Digestive and gut health > Eosinophilic diseases,no tags
Childcare > Au Pair,no tags
House fires > Support after a fire,no tags
Health and care services > Cosmetic surgery issues,no tags
Rare genetic disorders > Mucopolysaccharidosis(MPS),no tags
Cancer > Men's cancer  >  Testicular,no tags
Support for parents > Co - parenting support,no tags
Help with home costs and bills > Help for homeowners,no tags
Crime support > Scams and fraud > Postal scams,no tags
Digestive system and liver > Common digestive problems > Vomiting,no tags
"Mental health > Anxiety, panic and phobias > Social Anxiety Disorder",no tags
Crime support > Violent crime > Acid attacks,no tags
Crime support > Rape and sexual crimes > Drink spiking,no tags
Dental and oral health > Dental care,no tags
    Crime support > Scams and fraud > Phone scams or cold calls,no tags
Lungs and breathing > Cystic fibrosis,no tags
Problems at work > Support for workers > Education and Training sector support,no tags
Digestive system and liver > Digestive and gut health > Adhesions,no tags
Breaking up > End a marriage or partnership > Divorce visa implications,no tags
"Skin, hair and nails > Birthmarks and scars > Scars",no tags
Sexual and reproductive health > Contraception and birth control > Contraception for women,no tags
Caring and care services > Specialist housing for older people,no tags
Crime support > Exploitation and blackmail > Sexual exploitation,no tags
Vets and vet advice > Free vet care or help with fees,no tags
Mental health > Suicide > After an attempt,no tags
"Viruses and infections > Lyme disease, Malaria, Yellow Fever > Malaria",no tags
Caring and care services > Hospices > Finding a hospice,no tags
"Crime support > Theft, robbery and burglary > Burglary",no tags
Crime support > Stalking > Stalking in the workplace,no tags
Animal welfare > Puppy farms,no tags
Crime support > Exploitation and blackmail > Blackmail,no tags
Find a job and career advice > Find a mentor or career coach > Find a career coach,no tags
Mental health > Addiction and recovery > Sex and porn addiction,no tags
Rare genetic disorders > Pituitary gland conditions,no tags
Accidents and injuries > Burns and scalds > Sunburn,no tags
Getting a pet > Finding a pet right for you,no tags
Money worries > Support someone with money problems,no tags
Cancer > Head and neck cancer > Nasopharyngeal cancer,no tags
Help with healthcare costs > Free or low cost healthcare items,no tags
Isolation > Combatting loneliness,no tags
Dating > Online dating > Dating sites and apps,no tags
Mental health > Psychosis and schizophrenia > Schizophrenia,no tags
Rare genetic disorders > Encephalitis,no tags
Mental health > Addiction and recovery > Workaholic,no tags
Diabetes > Maturity onset diabetes(MODY),no tags
Caring and care services > Home adaptations,no tags
Vets and vet advice > Complain about your vet,no tags
Renting and landlord issues > Ending a tenancy early,no tags
Crime support > Rape and sexual crimes > Rape or sexual assault,no tags
"Problems at work > Support for workers > Agriculture, Horticulture and Animal Care",no tags
Relationship support > Open relationships,no tags
Viruses and infections > Coronavirus(covid - 19) > Survivor support(long covid),no tags
Adoption and foster care > Support for those adopted > Tracking your genetic family,no tags
Lungs and breathing > Pneumonia,no tags
"Problems at work > Support for workers > Arts, Media and Publishing",no tags
Caring and care services > Care homes > Find a residential home,no tags
Renting and landlord issues > Housing complaints > Letting agent complaints,no tags
Dental and oral health > Tooth decay,no tags
Mental health > Personality disorders > Antisocial personality disorder,no tags
Child loss > Child funerals and memorials,no tags
Mental health > Money and mental health > Help managing money,no tags
Help with home costs and bills > Help with rent > Deposit and upfront costs,no tags
Mental health > Trauma and PTSD > Trauma,no tags
Digestive system and liver > Intestine conditions > Coeliac disease,no tags
Crime support > Terrorism or extremism > Terrorism victims: Ongoing support,no tags
Health and care services > Travel to healthcare,no tags
Caring and care services > Care homes > Care homes information,no tags
"Muscles, bones and joints > Bone conditions > Brittle bone disease",no tags
Money management > Help with budgeting,no tags
Mental health > Addiction and recovery > Heroin addiction,no tags
"Brain, nerves and spinal cord > Brain injury > Brain stem death",no tags
Renting and landlord issues > Find a rental > Find a short term rental,no tags
Urinary and bladder > Microalbuminuria,no tags
Starting a family > Family planning > Getting pregnant tips,no tags
Cancer > Sarcomas > Retroperitoneal sarcoma,no tags
Mental health > Emotional wellbeing > Feeling isolated,no tags
Cancer > Sarcomas > Bone sarcoma,no tags
Urinary and bladder > Kidney stones(or calculi),no tags
Starting a family > Surrogacy support > Being a surrogate for a friend,no tags
Cancer > Women's cancer  >  Vulval,no tags
"Skin, hair and nails > Skin conditions > Epidermolysis Bullosa Simplex(EB)",no tags
Cancer > Breast cancer,no tags
Digestive system and liver > Pancreatic health > Acute pancreatitis,no tags
Crime support > Scams and fraud > Identity theft ?,no tags
Support for grandparents > Estranged grandparents,no tags
Complimentary therapies > Physiotherapy,no tags
Urinary and bladder > Kidney infection(pyelonephritis),no tags
Money worries > Bankruptcy,no tags
Help with home costs and bills > Help with rent > Rent arrears,no tags
Childcare > Babysitters,no tags
"Muscles, bones and joints > Bone conditions > Osteoporosis",no tags
Health and care services > Prescription services,no tags
Loss of a loved one > Loss of your partner,no tags
Digestive system and liver > Digestive and gut health > Ascites,no tags
Mental health > Addiction and recovery > Marijuana addiction,no tags
Family money matters > Financial support for parents,no tags
Cancer > Stomach(gastric) cancers > Stomach(gastric) cancer,no tags
Your child's development > Parent support (2-5 years)  >  Activities (2- 5 years),no tags
Repairs and adaptations > Repairs in rentals > Landlord fails to carry out repairs,no tags
"Heart, blood and circulation > Heart > Cardiomyopathy",no tags
Help with home costs and bills > Help with bills > Gas and electric bills,no tags
Problems at work > Support for workers > Science and Mathematics,no tags
Cancer > Brain tumours > Other brain tumour,no tags
Crime support > Cyber crime > Reporting cyber crimes,no tags
Crime support > Rape and sexual crimes > Upskirting,no tags
"Skin, hair and nails > Common skin conditions > Warts and verrucas",no tags
Offenders and family support > Offender or ex - offender > Falsely accused,no tags
Adoption and foster care > Putting a child up for adoption > Having your child adopted,no tags
"Muscles, bones and joints > Arthritis and related conditions > Juvenile Idiopathic Arthritis",no tags
Digestive system and liver > Pelvic radiation disease,no tags
Your child's development > Parent support (0-12 months)  >  Learning support (0-12months),no tags
"Brain, nerves and spinal cord > Rare brain disorders",no tags
Digestive system and liver > Intestine conditions > Diverticular disease,no tags
Family arguments > Family law services,no tags
Sexual and reproductive health > STI's: Sexually Transmitted Infections  >  Gonorrhoea,no tags
Cancer > Head and neck cancer > Mouth and oropharyngeal cancer,no tags
Rare genetic disorders > Sarcoidosis,no tags
Sexual and reproductive health > STI's: Sexually Transmitted Infections  >  Syphilis,no tags
Family money matters > Family budgets,no tags
Family money matters > Help with child - related costs > Healthy Start vouchers,no tags
Cancer > Women's cancer  >  Cervical cancer,no tags
Victim support > Support for young victims,no tags
Abusive relationships > Healing after an abusive relationship,no tags
Crime support > Violent crime > Assault,no tags
"Heart, blood and circulation > Blood > Hypoglycaemia(low blood sugar)",no tags
Mental health > Children's mental health  >  Behavioural problems,no tags
Baby loss > Baby loss support,no tags
Your child's development > Parent support (0-12 months)  >  Safety (0-12months),no tags
Breaking up > Ending a relationship > Splitting up,no tags
House fires > Cladding and fire safety,no tags
"Problems at work > Support for workers > Business, Administration and Law",no tags
"Crime support > Theft, robbery and burglary > Theft",no tags
"Muscles, bones and joints > Arthritis and related conditions > Lupus",no tags
Starting a family > Becoming adoptive parents > How to adopt,no tags
Lungs and breathing > COPD,no tags
Your child's development > Parent support (2-5 years)  >  Fitness and exercise (2- 5 years),no tags
"Brain, nerves and spinal cord > Dementia and Alzheimer's  >  Alzheimer's disease",no tags
Coronavirus and money > Emergency financial aid,no tags
"Muscles, bones and joints > Movement disorders > Dystonia",no tags
Renting and landlord issues > Problems getting the deposit back,no tags
"Problems at work > Support for workers > Leisure, Travel and Tourism",no tags
"Skin, hair and nails > Eczema and dermatitis > Discoid eczema",no tags
Cancer > Stomach(gastric) cancers > Stomach neuroendocrine tumours(NETs),no tags
Cancer > Skin cancer > Other skin cancers,no tags
"Heart, blood and circulation > Blood > High cholesterol",no tags
Your child's development > Parent support (5-12 years)  >  Learning support (5 -12 years),no tags
Ears and hearing > Hearing services,no tags
Help with home costs and bills > Help with rent > Challenging a rent increase,no tags
Mental health > Emotional wellbeing > Feeling anxious,no tags
Digestive system and liver > Swallowing problems(dysphagia),no tags
Mental health > Maternal mental health > Postpartum psychosis(after birth),no tags
Renting and landlord issues > Problems renting > Renting with poor credit history,no tags
Accidents and injuries > Burns and scalds > Burns and scalds(general),no tags
Health and care services > Undiagnosed conditions,no tags
"Muscles, bones and joints > Shoulder and neck > Neck problems",no tags
Cancer > Brain tumours > Astrocytoma and glioblastoma(GBM),no tags
Help a child facing issues > Online grooming,no tags
Preparing for your passing > Funeral planning,no tags
Abusive relationships > Is this abuse ?,no tags
Sleep problems > Insomnia,no tags
Crime support > Gang crime > Support to leave a gang,no tags
Cancer > Stomach(gastric) cancers > Anal cancer,no tags
Learning disabilities > Foetal alcohol spectrum disorders(FASD),no tags
Pet bereavement > What to do if your pet dies,no tags
Cancer > Stomach(gastric) cancers > Large bowel(colon or rectum) cancer,no tags
Borrowing money > Borrow from friends or family,no tags
"Mental health > Anxiety, panic and phobias > Panic Disorder and attacks",no tags
Sexual and reproductive health > Fertility > Coping with infertility,no tags
Sexual and reproductive health > Pregnancy health > Pre - eclampsia in pregnancy,no tags
Repossessions and evictions > Council or social housing evictions,no tags
Victim support > Support for victim families,no tags
Cancer > Rare cancers > Thyroid cancer,no tags
Diabetes > Neonatal diabetes,no tags
Caring and care services > Find and arrange social care,no tags
Caring and care services > Care homes > Help to pay for care homes,no tags
Viruses and infections > HIV and AIDS > HIV,no tags
Mental health > Mental health care > Advance statements and decisions,no tags
Digestive system and liver > Liver health > Alcohol - related liver disease(ARLD),no tags
Your child's development > Parent support (5-12 years)  >  Behavioural support (5 -12 years),no tags
Benefits and tax credits > Benefits calculator,no tags
Cancer > Head and neck cancer > Throat cancer,no tags
Urinary and bladder > Chronic kidney disease,no tags
Caring and care services > Find a nursing home,no tags
Mental health > Emotional wellbeing > Feeling stressed,no tags
Crime support > Cyber crime > Hacking,no tags
"Muscles, bones and joints > Leg, knee and foot > Calf problems",no tags
Money management > Credit report and scores,no tags
"Mental health > Anxiety, panic and phobias > Phobias",no tags
Rare genetic disorders > Mitochondrial disease,no tags
"Heart, blood and circulation > Blood > Sepsis",no tags
Vets and vet advice > Find a vet,no tags
Adoption and foster care > Support for care leavers,no tags
Support in Court > Extra help at court,no tags
Victim support > Dealing with the media,no tags
Allergies > Hay fever,no tags
Child loss > Loss of a child by suicide,no tags
Crime support > Scams and fraud > Doorstep scams or fraud,no tags
Marriage > Forced marriage,no tags
Mental health > Children's mental health  >  Self-esteem in children,no tags
"Heart, blood and circulation > Heart > Arrhythmia(irregular heart rhythm)",no tags
Crime support > Modern slavery > Human trafficking,no tags
Your child's development > Parent support (13-18years)  >  Behavioural support (13-18 years),no tags
Mental health > Children's mental health  >  Eating disorders in children,no tags
Cancer > Brain tumours > Craniopharyngioma,no tags
Children's health  >  Cancer in children,no tags
Other health > Stutter and stammers,no tags
Cancer > Blood cancer > Chronic lymphocytic leukaemia(CLL),no tags
"Heart, blood and circulation > Circulation > Postural tachycardia syndrome",no tags
"Brain, nerves and spinal cord > Chronic conditions > Muscular dystrophy",no tags
Sexual and reproductive health > Pregnancy health > Backache in pregnancy,no tags
Abusive relationships > Online or digital abuse,no tags
Digestive system and liver > Common digestive problems > Constipation,no tags
"Skin, hair and nails > Skin growths and lesions > Skin tags",no tags
"Muscles, bones and joints > Muscle, bone or joint injury > Repetitive strain injury(RSI)",no tags
Cancer > Head and neck cancer > Salivary gland cancer,no tags
Abusive relationships > Honour based and family abuse,no tags
Loss of a loved one > Unexpected loss,no tags
Caring and care services > Care workers > Help to pay for care costs,no tags
"Heart, blood and circulation > Circulation > Varicose veins",no tags
"Heart, blood and circulation > Circulation > Peripheral arterial disease",no tags
Family arguments > Family therapy,no tags
Mental health > Bipolar Disorder,no tags
Digestive system and liver > Pancreatic health > Chronic pancreatitis,no tags
Pain > Post surgical pain(acute pain),no tags
Baby loss > Baby funerals and memorials,no tags
Crime support > Violent crime > Gang violence,no tags
Mental health > Children's mental health  >  Angry children,no tags
Child education > School complaints,no tags
"Muscles, bones and joints > Scoliosis",no tags
Problems at work > Forced to resign(constructive dismissal),no tags
Find a job and career advice > Help to apply for a job > CV templates and examples,no tags
Starting a family > Surrogacy support > Support for surrogates,no tags
Money in relationships > Financial planning in relationships,no tags
Digestive system and liver > Digestive and gut health > Barrett's Oesophagus,no tags
Mental health > Trauma and PTSD > Complex PTSD,no tags
Family money matters > Help with child - related costs > Maternity grant,no tags
Support for students > Help selecting a course,no tags
Your child's development > Parent support (0-12 months)  >  Nutrition and weaning (0-12months),no tags
Mental health > Support someone's mental health,no tags
Cancer > Rare cancers > Neuroendocrine tumours and carcinoid syndrome,no tags
Travel health > Vaccinations,no tags
Caring and care services > Hospices > Information about hospices,no tags
Find a job and career advice > Help to apply for a job > Job application forms,no tags
Preparing to lose a loved one > Being with someone when they die,no tags
Children with learning disabilities > Children with Williams syndrome,no tags
Sex and intimacy > Confidence in bed,no tags
"Brain, nerves and spinal cord > Transient ischaemic attack(TIA)",no tags
Healthy living > Nutrition and diet > Nutritionist or dietician,no tags
Lungs and breathing > Asthma,no tags
Victim support > Victim support organisations,no tags
Crime support > Terrorism or extremism > Online radicalisation,no tags
Digestive system and liver > Liver health > Cirrhosis,no tags
Mental health > Women's mental health  >  Menopausal mental health,no tags
Complimentary therapies > Alexander Technique,no tags
Your child's development > Parent support (5-12 years)  >  Healthy eating (5 -12 years),no tags
Breaking up > Money and break-ups > Money matters if divorcing,no tags
Crime support > Collisions and road traffic accidents > Report dangerous driving,no tags
Your child's development > Parent support (2-5 years)  >  Learning support (2- 5 years),no tags
Eyes and vision > Lazy eye,no tags
Preparing for your passing > Pet arrangements,no tags
Viruses and infections > Measles,no tags
Mental health > Psychosis and schizophrenia > Schizoaffective Disorder,no tags
Mental health > Eating disorders > Eating disorders(general),no tags
Mental health > Munchausen's syndrome,no tags
Cancer > Women's cancer  >  Gestational trophoblastic disease (GTD),no tags
"Heart, blood and circulation > Blood > Cervical artery dissection",no tags
"Skin, hair and nails > Eczema and dermatitis > Atopic eczema",no tags
Help with healthcare costs > Help with prescription costs,no tags
Accidents and injuries > Bites and stings > Animal and human bites,no tags
Victim support > Victims' rights,no tags
Repossessions and evictions > Illegal eviction / landlord harassment,no tags
Digestive system and liver > Gallbladder > Acute cholecystitis,no tags
Child education > School options,no tags
Childcare > Childcare information,no tags
"Muscles, bones and joints > Hip problems > Hip replacement",no tags
Breaking up > End a marriage or partnership > Religious divorce,no tags
Sexual and reproductive health > Contraception and birth control > Contraception for men,no tags
Cancer > Stomach(gastric) cancers > Small bowel cancer,no tags
Rare genetic disorders > Angelman syndrome,no tags
Rare genetic disorders > Genetic leukodystrophy,no tags
"Lost, stolen or stray pets > Lost pet",no tags
Viruses and infections > Poisoning > E coli,no tags
Cancer > Bone cancer,no tags
Rare genetic disorders > Rare diseases(general),no tags
Pet housing and ownership > Pet gets ill or dies after buying,no tags
Mental health > Children's mental health  >  Depression in children,no tags
Mental health > Men's mental health,no tags
"Brain, nerves and spinal cord > Asperger Syndrome(AS)",no tags
"Brain, nerves and spinal cord > Chronic conditions > CFS / ME",no tags
Mental health > Mental health resources(general),no tags
"Skin, hair and nails > Rashes > Rashes in adults",no tags
Home support services > Assisted garden maintenance,no tags
"Skin, hair and nails > Skin infections > Athlete's Foot",no tags
Cancer > Brain tumours > Glioma,no tags
Eyes and vision > Other eye issues,no tags
Mental health > Emotional wellbeing > Mindfulness,no tags
"Muscles, bones and joints > Hip problems > Other hip problems",no tags
Crime support > Stalking > Harassment or stalking support,no tags
Men's health  >  Testicular lumps or swelling,no tags
Children with learning disabilities > Children with Fragile X syndrome,no tags
Your child's development > Parent support (2-5 years)  >  Healthy eating (2- 5 years),no tags
Eyes and vision > Eye tests,no tags
Your child's development > Parent support (0-12 months)  >  Emotional wellbeing (0-12months),no tags
Rare genetic disorders > Schwannomatosis,no tags
Social and council housing > Applying for social housing,no tags
Mental health > ADHD in adults,no tags
Your child's development > Parent support (5-12 years)  >  Life skills (5 -12 years),no tags
"Brain, nerves and spinal cord > Brain injury > Coma",no tags
Adoption and foster care > Having your child in care > Getting child back from care,no tags
Eyes and vision > Eye cancer,no tags
"Skin, hair and nails > Common skin conditions > Urticaria(hives)",no tags
Crime support > Child abuse > Young victims of crime,no tags
Ears and hearing > Tinnitus,no tags
Missing person > Missing people support,no tags
Mental health > Emotional wellbeing > Worrying,no tags
Women's health  >  Lipoedema,no tags
Mental health > Children's mental health  >  ADHD in children,no tags
"Heart, blood and circulation > Blood > Septic shock",no tags
Repossessions and evictions > Sheriff officer powers,no tags
Money worries > Problems opening bank accounts,no tags
"Brain, nerves and spinal cord > Dementia and Alzheimer's  >  Dementia with Lewy bodies",no tags
Cancer > Lung cancer,no tags
Digestive system and liver > Stomach health > Gastro - oesophageal reflux disease(GORD),no tags
Pet bereavement > Pet bereavement and children,no tags
Rare genetic disorders > PSP and CBD,no tags
Problems at work > Support for workers > Construction sector support,no tags
Your child's development > Parent support (12months-2years)  >  Exercises and activities (12months - 2 years),no tags
Cancer > Rare cancers > Nasal and sinus cancer,no tags
Child education > Education support(13 - 18 years),no tags
Crime support > Cyber crime > Online scams and fraud,no tags
Children's health  >  Children's dental care,no tags
Baby loss > Miscarriage,no tags
Sex and intimacy > Sex therapy,no tags
Rare genetic disorders > X linked hypophosphatemia(XLH),no tags
Work money matters > Are you being paid enough ?,no tags
Sexual and reproductive health > Pregnancy health > Reducing the risk of stillbirth,no tags
Allergies > Skin allergies,no tags
Accidents and injuries > Head injuries,no tags
Viruses and infections > Tetanus(lockjaw),no tags
Support for parents > Same - sex parents,no tags
Your child's development > Parent support (2-5 years)  >  Communication skills (2- 5 years),no tags
Accidents and injuries > Cuts and grazes,no tags
Rare genetic disorders > Alkaptonuria(AKU),no tags
"Muscles, bones and joints > Shoulder and neck > Other shoulder problems",no tags
Mental health > Personality disorders > Schizoid personality disorder,no tags
Complimentary therapies > Reflexology,no tags
Crime support > Cyber crime > Cyber crime support,no tags
Cancer > Skin cancer > Melanoma skin cancer,no tags
"Heart, blood and circulation > Blood > Deep vein thrombosis(DVT)",no tags
Sexual and reproductive health > Egg donors,no tags
Mental health > Self - harm,no tags
Caring and care services > Home care services,no tags
Learning disabilities > Williams syndrome,no tags
Accidents and injuries > Accident prevention > Baby safety,no tags
"Muscles, bones and joints > Shoulder and neck > Frozen shoulder",no tags
Loss of a loved one > Bereavement support,no tags
Child loss > Adult child loss,no tags
Help a child facing issues > Exam stress,no tags
Crime support > Cyber crime > Online stalking,no tags
"Heart, blood and circulation > Circulation > Thoracic aortic aneurysm",no tags
Pet care > Pet care advice: cats,no tags
"Brain, nerves and spinal cord > Dementia and Alzheimer's  >  Dementia and Alzheimers (general)",no tags
Your child's development > Parent support (12months-2years)  >  Parent resources (12months - 2 years),no tags
Cancer > Stomach(gastric) cancers > Linitis plastica of the stomach,no tags
Viruses and infections > Coronavirus(covid - 19) > Coronavirus anxiety,no tags
Repairs and adaptations > Find a trader,no tags
Animal welfare > Report a breeder,no tags
Money worries > Worried about money issues,no tags
Breaking up > Money and break-ups > Money matters if separating,no tags
Mental health > Depression > Seasonal Affective Disorder(SAD),no tags
"Muscles, bones and joints > Arthritis and related conditions > Rheumatoid arthritis",no tags
Allergies > Pet allergies,no tags
Caring and care services > Power of Attorney problems,no tags
Your child's development > Parent support (2-5 years)  >  Parent resources (2- 5 years),no tags
Sexual and reproductive health > Fertility > Fertility testing,no tags
"Muscles, bones and joints > Movement disorders > Parkinson's tremors",no tags
"Brain, nerves and spinal cord > Dementia and Alzheimer's  >  Young onset dementia",no tags
Renting and landlord issues > Problems renting > Landlord disputes,no tags
Digestive system and liver > Intestine conditions > Chronic intestinal pseudo - obstruction,no tags
Starting a family > Pregnancy wellbeing > Sleep and tiredness when pregnant,no tags
"Muscles, bones and joints > Back problems",no tags
Mental health > Addiction and recovery > Alcohol addiction,no tags
"Heart, blood and circulation > Blood > Hyperglycaemia(high blood sugar)",no tags
Children's health  >  Allergies in children,no tags
Mental health > Addiction and recovery > Shopping addiction,no tags
Complimentary therapies > Reiki or energy therapies,no tags
Rare genetic disorders > Gaucher disease,no tags
Your rights at work > Reasonable adjustments if disabled or ill,no tags
"Skin, hair and nails > Skin conditions > Excessive sweating(hyperhidrosis)",no tags
Children with additional needs > Blind or visually impaired children,no tags
Benefits and tax credits > Benefits / tax credits complaints,no tags
"Heart, blood and circulation > Circulation > Underactive thyroid(hypothyroidism)",no tags
Help to buy the essentials > Furniture and whitegoods > Find discounted goods,no tags
Work and disabled people > Support in work,no tags
Your child's development > Parent support (12months-2years)  >  Safety (12months - 2 years),no tags
Mental health > Dissociation,no tags
Healthy living > Nutrition and diet > Healthy eating recipes and tips,no tags
Adoption and foster care > Having your child in care > Putting your child into care,no tags
Direction and self - improvement > Find direction and purpose,no tags
Adoption and foster care > Having your child in care > Child taken into care,no tags
Caring and care services > Care workers > Hire a care worker,no tags
Mental health > Mental health care > Social care,no tags
"Muscles, bones and joints > Bone conditions > Paget's disease of bone",no tags
"Heart, blood and circulation > Heart > Sudden adult death syndrome(SADS)",no tags
Complimentary therapies > Herbal medicines,no tags
Work money matters > Negotiating your salary,no tags
Renting and landlord issues > Find a rental > Find a house share,no tags
"Heart, blood and circulation > Heart > Heart valve disease",no tags
Pain > Peripheral neuropathy(nerve pain),no tags
Caring and care services > Care workers > Care services information,no tags
Complimentary therapies > Shiatsu,no tags
Digestive system and liver > Liver health > Liver disease,no tags
Digestive system and liver > Bowel health > Faecal(bowel) incontinence,no tags
Your rights at work > Employment law support,no tags
Healthy living > Nutrition and diet > Weight management,no tags
Cancer > Cancer support(general) > Diagnosed with cancer,no tags
Renting and landlord issues > Renting rights > Tenant responsibilities,no tags
"Heart, blood and circulation > Blood > Low blood pressure(hypotension)",no tags
Cancer > Brain tumours > Spinal cord tumours,no tags
Mental health > Personality disorders > Avoidant personality disorder,no tags
Support for students > Free online learning,no tags
Support for parents > Single parents,no tags
Sleep problems > Nightmares,no tags
Crime support > Gang crime > Gang crime or violence support,no tags
"Muscles, bones and joints > Arthritis and related conditions > Axial Spondyloarthritis",no tags
Cancer > Men's cancer  >  Penile,no tags
Your child's development > Parent support (2-5 years)  >  Social skills and confidence (2- 5 years),no tags
"Muscles, bones and joints > Movement disorders > Tremors or shaking hands",no tags
Your rights at work > Being monitored at work,no tags
Physical disabilities > Limb loss,no tags
Children's health  >  Children's vaccinations,no tags
Physical disabilities > Disability aids,no tags
Your child's development > Parent support (5-12 years)  >  Safety (5 -12 years),no tags
Problems at work > Workplace bullying,no tags
Breaking up > Sorting housing matters > Separation housing rights(not married),no tags
Mental health > Personality disorders > Dependent personality disorder,no tags
Women's health  >  Turner's syndrome,no tags
"Muscles, bones and joints > Leg, knee and foot > Thigh problems",no tags
Money in relationships > Separation and money matters > Divorcing and finances,no tags
Benefits and tax credits > Benefits for carers,no tags
Men's health  >  Male puberty,no tags
Pet care > Pet insurance,no tags
Breaking up > End a marriage or partnership > DIY divorce,no tags
"Crime support > Theft, robbery and burglary > Recovering stolen items",no tags
Help a child facing issues > My child is taking drugs,no tags
Renting and landlord issues > Find a rental > Find a rental property,no tags
Friends > Find mum friends,no tags
Cancer > Head and neck cancer > Oesophageal cancer,no tags
Complimentary therapies > Hypnotherapy,no tags
Caring and care services > Care workers > Care worker complaints,no tags
Lungs and breathing > Idiopathic pulmonary fibrosis(IPF),no tags
Renting and landlord issues > Problems renting > Guarantors for private renters,no tags
Loss of a loved one > Financial support after loss,no tags
Sexual and reproductive health > STI's: Sexually Transmitted Infections  >  STI testing,no tags
Digestive system and liver > Stomach health > Non - ulcer(or functional) dyspepsia,no tags
Baby loss > Molar pregnancy,no tags
Lungs and breathing > Coughing,no tags
Complimentary therapies > Aromatherapy,no tags
Mental health > Addiction and recovery > Cocaine addiction,no tags
Marriage > Marriage doubts,no tags
Cancer > Brain tumours > Embryonal tumours,no tags
"Brain, nerves and spinal cord > Huntington's disease",no tags
"Brain, nerves and spinal cord > Chronic conditions > Motor neurone disease(MND)",no tags
Viruses and infections > Poisoning > Food poisoning,no tags
Victim support > Help to feel safe after crime,no tags
Viruses and infections > Post - polio syndrome,no tags
Renting and landlord issues > Renting for the first time,no tags
Children with learning disabilities > Children with PMLD,no tags
Starting a family > Pregnancy wellbeing > Feelings when pregnant,no tags
Men's health  >  Klinefelter syndrome,no tags
Accidents and injuries > Bites and stings > Insect bites and stings,no tags
Help a child facing issues > My child is smoking,no tags
Sexual and reproductive health > STI's: Sexually Transmitted Infections  >  Trichomonas,no tags
Rare genetic disorders > Niemann - Pick disease,no tags
Ears and hearing > Meniere's disease,no tags
"Heart, blood and circulation > Blood > Sickle cell disease",no tags
Cancer > Women's cancer  >  Vaginal cancer,no tags
Health and care services > Dental care complaints,no tags
"Skin, hair and nails > Skin conditions > Ichthyosis",no tags
Loss of a loved one > What to do when someone dies,no tags
Crime support > Terrorism or extremism > Terrorism victims: Immediate support,no tags
Mental health > Suicide > Support someone suicidal,no tags
"Skin, hair and nails > Skin conditions > Rosacea",no tags
Spiritual wellbeing > Judaism support,no tags
Your child's development > Parent support (13-18years)  >  Activities (13-18 years),no tags
Viruses and infections > Hepatitis > Hepatitis D,no tags
"Skin, hair and nails > Skin growths and lesions > Moles",no tags
Healthy living > Drinking habits,no tags
Healthy living > Quit smoking,no tags
Victim support > Challenge CPS or parole decisions,no tags
Mental health > Addiction and recovery > Internet addiction,no tags
Mental health > Psychosis and schizophrenia > Paraphrenia,no tags
Breaking up > Sorting housing matters > Separation housing rights(not married),no tags
Work money matters > Pensions,no tags
Cancer > Rare cancers > Mesothelioma,no tags
Mental health > Money and mental health > Welfare and benefits,no tags
Mental health > Depression > Depression(general support),no tags
Your child's development > Parent support (13-18years)  >  Sleep support (13-18 years),no tags
Repairs and adaptations > Repairs in rentals > Responsibilities for repairs,no tags
Cancer > Skin cancer > Squamous cell skin cancer(SCC),no tags
Diabetes > Type 1 diabetes,no tags
Money in relationships > Separation and money matters > Separation and finances,no tags
Work money matters > Self - employed support,no tags
Living environment > Neighbours > Resolve neighbour disputes,no tags
Rare genetic disorders > Rare parathyroid conditions,no tags
Coronavirus and money > Coronavirus and benefits,no tags
Health and care services > Medical care complaints,no tags
Support for students > Help for ill or disabled students,no tags
Crime support > UK victims of crime abroad,no tags
Help a child facing issues > Puberty and adolescence,no tags
Cancer > Women's cancer  >  Placenta cancer,no tags
"Brain, nerves and spinal cord > Chronic conditions > Multiple sclerosis(MS)",no tags
Family arguments > Family mediation,no tags
Cancer > Cancer support(general) > Life after cancer,no tags
Diabetes > Diabetic retinopathy,no tags
Cancer > Rare cancers > Other rare cancers,no tags
Sexual and reproductive health > Pregnancy health > Pelvic girdle pain in pregnancy,no tags
Marriage > Wedding planning support,no tags
"Heart, blood and circulation > Blood > Anaemia",no tags
Mental health > Maternal mental health > Perinatal anxiety,no tags
"Brain, nerves and spinal cord > Autism(ASD)",no tags
Dating > Dating agencies,no tags
Preparing for your passing > Making a will,no tags
Help with home costs and bills > Help with bills > Phone and broadband,no tags
Women's health > Period health  >  Premenstrual dysphoric disorder (PMDD),no tags
Digestive system and liver > Bowel health > Irritable Bowel Syndrome(IBS),no tags
Breaking up > End a marriage or partnership > Ending a civil partnership,no tags
"Muscles, bones and joints > Movement disorders > Ataxia",no tags
Support for parents > Parenting advice,no tags
Cancer > Blood cancer > Other blood cancers,no tags
"Brain, nerves and spinal cord > Facial palsy",no tags
Mental health > Personality disorders > Paranoid personality disorder,no tags
Dating > Dating advice,no tags
Ears and hearing > Labyrinthitis,no tags
Family money matters > Help with child - related costs > Help with school transport,no tags
Friends > Making friends in later years,no tags
Digestive system and liver > Stomach health > Stomach ulcers,no tags
Your child's development > Parent support (2-5 years)  >  Sleep support (2- 5 years),no tags
Help to buy the essentials > Help with clothing costs > Help pay for interview clothes,no tags
"Heart, blood and circulation > Heart > Heart failure",no tags
Family money matters > Teaching kids about money,no tags
Find a job and career advice > Career advice,no tags
Help a child facing issues > Child joining a gang concerns,no tags
Digestive system and liver > Spleen problems and removal,no tags
Your child's development > Parent support (12months-2years)  >  Sleep support (12months - 2 years),no tags
Urinary and bladder > Urinary tract infections,no tags
Sex and intimacy > Talking about sex issues,no tags
Cancer > Cancer support(general) > Chemotherapy,no tags
Cancer > Rare cancers > Pseudomyxoma peritonei(PMP),no tags
Your child's development > Parent support (12months-2years)  >  Communication skills (12months - 2 years),no tags
Breaking up > End a marriage or partnership > Solicitor managed divorce services,no tags
Work and disabled people > Interview advice,no tags
Your child's development > Parent support (5-12 years)  >  Parent resources (5 -12 years),no tags
Rare genetic disorders > Neurofibromatosis,no tags
Spiritual wellbeing > Sikhism support,no tags
Mental health > Children's mental health  >  Conduct disorder,no tags
Sexual and reproductive health > Pregnancy health > Diabetes and pregnancy,no tags
"Muscles, bones and joints > Movement disorders > Spasticity",no tags
Mental health > Psychosis and schizophrenia > Psychosis,no tags
"Muscles, bones and joints > Leg, knee and foot > Knee problems",no tags
Money worries > Debt advice,no tags
Dental and oral health > Gum disease,no tags
Your child's development > Parent support (12months-2years)  >  Potty training,no tags
"Skin, hair and nails > Skin infections > Candida(yeast or thrush)",no tags
Problems at work > Stress at work,no tags
Money management > Donating money,no tags
Accidents and injuries > Accident prevention > Elder safety,no tags
Spiritual wellbeing > Islam support,no tags
Find a job and career advice > Interview support > Common interview questions,no tags
"Skin, hair and nails > Skin infections > Cellulitis",no tags
Abusive relationships > Domestic abuse support(general),no tags
Cancer > Blood cancer > Lymphoma,no tags
"Crime support > Theft, robbery and burglary > Stolen car",no tags
Money worries > Spending problems,no tags
Cancer > Cancer support(general) > Support someone with cancer,no tags
Your child's development > Parent support (0-12 months)  >  Parent resources (0-12months),no tags
Mental health > Suicide > Suicide prevention,no tags
Women's health > Period health  >  Toxic Shock Syndrome (TSS),no tags
Mental health > Addiction and recovery > Gambling addiction,no tags
Mental health > Maternal mental health > Postnatal depression(after birth),no tags
Cancer > Cancer support(general) > Terminal cancer,no tags
Money management > Will writing,no tags
Mental health > Personality disorders > Narcissistic personality disorder,no tags
Children with additional needs > Children with Asperger Syndrome,no tags
Health and care services > Help after leaving hospital,no tags
Crime support > Violent crime > Gun and knife crime,no tags
Support for students > Help applying for a course,no tags
Money in relationships > Talking about money in relationships,no tags
Renting and landlord issues > Problems renting > Ending a joint tenancy,no tags
"Viruses and infections > Lyme disease, Malaria, Yellow Fever > Yellow fever",no tags
Child education > Picking subjects,no tags
Getting a pet > Therapy or assistance pets,no tags
Offenders and family support > Offender or ex - offender > Offender or ex - offender help,no tags
Renting and landlord issues > Housing complaints > Landlord complaints,no tags
Mental health > Personality disorders > Schizotypal personality disorder,no tags
"Skin, hair and nails > Rashes > Lichen planus",no tags
Viruses and infections > Tuberculosis(TB),no tags
"Skin, hair and nails > Nail conditions",no tags
Viruses and infections > Poisoning > Lead poisoning,no tags
Diabetes > Latent Autoimmune Diabetes(LADA),no tags
Children's health  >  Functional abdominal pain,no tags
Dental and oral health > Dental implants and bridges,no tags
Child education > Private tutors,no tags
Viruses and infections > Hepatitis > Hepatitis A,no tags
"Skin, hair and nails > Skin infections > Ringworm",no tags
Your child's development > Parent support (12months-2years)  >  Learning support (12months - 2 years),no tags
Mental health > Children's mental health  >  Self-harm in children,no tags
Preparing for your passing > Donating your body or organs,no tags
Cancer > Stomach(gastric) cancers > Gastro oesophageal junction cancers,no tags
Breaking up > Children and separation > Children's feelings if separating,no tags
Mental health > Suicide > Suicidal feelings,no tags
Preparing for your passing > Terminal diagnosis support,no tags
Your rights at work > Help to understand your rights,no tags
Repossessions and evictions > Help if you're facing repossession,no tags
Healthy living > Nutrition and diet > Meal planning on a budget,no tags
Caring and care services > Respite care(breaks),no tags
Your child's development > Parent support (5-12 years)  >  Emotional wellbeing (5 -12 years),no tags
Sleep problems > Obstructive sleep apnoea(OSA),no tags
"Muscles, bones and joints > Arthritis and related conditions > Psoriatic arthritis",no tags
Caring and care services > Care homes > Care home complaints,no tags
"Brain, nerves and spinal cord > Stroke",no tags
Crime support > Child abuse > Historic abuse support,no tags
Cancer > Bladder cancer,no tags
Borrowing money > Warning: Pay day lenders,no tags
"Muscles, bones and joints > Movement disorders > Gait disorders",no tags
Diabetes > Wolfram Syndrome,no tags
Benefits and tax credits > Tax credits > Understanding tax credits,no tags
Baby loss > Cot death(SIDS),no tags
"Heart, blood and circulation > Circulation > Overactive thyroid(hyperthyroidism)",no tags
Mental health > Children's mental health  >  OCD in children,no tags
Preparing for your passing > Discussing last wishes,no tags
Digestive system and liver > Digestive and gut health > Stoma,no tags
Pain > Chronic pain,no tags
Your child's development > Parent support (13-18years)  >  Safety (13-18 years),no tags
Ears and hearing > Vertigo,no tags
Your child's development > Parent support (0-12 months)  >  Communication (0-12months),no tags
Problems at work > Dealing with a disciplinary,no tags
Student money > Student debt support,no tags
Men's health  >  Vasectomy,no tags
Mental health > Personality disorders > Personality disorders(general),no tags
Children with learning disabilities > Children with learning disabilities(general),no tags
Your child's development > Parent support (2-5 years)  >  Behavioural support (2- 5 years),no tags
"Muscles, bones and joints > Bone conditions > Osteopenia",no tags
Find a job and career advice > Find a mentor or career coach > Find a mentor,no tags
Help with healthcare costs > Help with healthcare travel costs,no tags
"Viruses and infections > Lyme disease, Malaria, Yellow Fever > Lyme disease",no tags
Breaking up > Children and separation > Child arrangements,no tags
Complimentary therapies > Naturopathy,no tags
Cancer > Rare cancers > Bile duct cancer,no tags
Eyes and vision > Blindness or sight loss,no tags
Family money matters > Help with child - related costs > Help with childcare costs,no tags
Abusive relationships > Female Genital Mutilation(FGM),no tags
Find a job and career advice > Help to apply for a job > Help reviewing your CV,no tags
Mental health > Eating disorders > Bulimia,no tags
"Skin, hair and nails > Skin conditions > Skin conditions(general)",no tags
Mental health > Emotional wellbeing > Self - esteem,no tags
"Brain, nerves and spinal cord > Fibromyalgia syndrome(FMS)",no tags
Starting a family > Birth options and support > Find a Doula,no tags
"Skin, hair and nails > Cleft lip and palate",no tags
"Brain, nerves and spinal cord > Chronic conditions > Parkinson's disease",no tags
Your child's development > Parent support (5-12 years)  >  Activities (5 -12 years),no tags
Problems at work > Support for workers > Retail and Commercial Enterprise,no tags
"Muscles, bones and joints > Muscle, bone or joint injury > Sports injuries",no tags
Starting a family > Birth options and support > Birth options,no tags
Starting a family > Becoming foster parents > Becoming a foster parent,no tags
Women's health > Period health  >  Premenstrual Syndrome (PMS),no tags
Lungs and breathing > Dyspnoea(breathing difficulties),no tags
Your rights at work > Workplace health and safety,no tags
Breaking up > Relationship mediation services,no tags
Witness support > Witness safety support,no tags
Starting a family > Becoming foster parents > Thinking about fostering,no tags
Family arguments > Resolve a family argument,no tags
Money in relationships > Dealing with joint debts,no tags
Mental health > Counselling and talking therapies,no tags
"Muscles, bones and joints > Arthritis and related conditions > Osteoarthritis",no tags
"Heart, blood and circulation > Circulation > Raynaud's phenomenon",no tags
Caring and care services > Care homes > Find a nursing home,no tags
"Skin, hair and nails > Skin conditions > Scleroderma(systemic sclerosis)",no tags
Your child's development > Parent support (2-5 years)  >  Emotional wellbeing (2- 5 years),no tags
Breaking up > Children and separation > Telling your kids about divorce,no tags
Crime support > Exploitation and blackmail > Report exploitation or blackmail,no tags
Isolation > Holidays for solo travellers,no tags
Renting and landlord issues > Problems renting > Tenant disputes,no tags
"Brain, nerves and spinal cord > Chronic conditions > Spinal muscular atrophy(SMA)",no tags
Children with additional needs > Children with disabilities(general),no tags
Digestive system and liver > Stomach health > Gastroenteritis,no tags
Viruses and infections > Zika virus,no tags
Help to buy the essentials > Furniture and whitegoods > Free or low cost furniture,no tags
"Muscles, bones and joints > Wrist, hand and finger problems > Carpal tunnel syndrome",no tags
Spiritual wellbeing > Buddhism support,no tags
"Muscles, bones and joints > Movement disorders > Restless legs syndrome",no tags
"Skin, hair and nails > Rashes > Rashes in children",no tags
Money management > Ways to earn extra cash,no tags
Cancer > Stomach(gastric) cancers > Liver cancer,no tags
Breaking up > End a marriage or partnership > Find a divorce lawyer,no tags
Sexual and reproductive health > Sexual health and HIV,no tags
Support for parents > Support for new mums,no tags
Breaking up > Children and separation > Ex won't let you see the kids,no tags
Renting and landlord issues > Renting with pets,no tags
Sexual and reproductive health > Abortion,no tags
Mental health > Addiction and recovery > Painkillers addiction,no tags
Crime support > Kidnapping or child abductions > Hostage and kidnap survivor support,no tags
Baby loss > Ectopic pregnancy,no tags
Pain > Complex regional pain syndrome(CRPS),no tags
Cancer > Skin cancer > Basal Cell Carcinoma(BCC),no tags
Starting a family > Becoming adoptive parents > Support for adoptive parents,no tags
Support for parents > Support for new dads,no tags
Loss of a loved one > If someone has died abroad,no tags
Sexual and reproductive health > Fertility > Getting pregnant,no tags
Starting a family > Family planning > Family planning resources,no tags
Support in Court > Giving evidence,no tags
Your child's development > Parent support (2-5 years)  >  Life skills (2- 5 years),no tags
Cancer > Cancer support(general) > Cancer support organisations,no tags
Physical disabilities > Physical disability support(general),no tags
Police services > Police complaints,no tags
Viruses and infections > Coronavirus(covid - 19) > Isolating or shielding support,no tags
Find a job and career advice > Interview support > Interview advice for disabled people,no tags
"Brain, nerves and spinal cord > Meningitis",no tags
Social and council housing > Council housing complaint,no tags
Your child's development > Parent support (13-18years)  >  Explore career and study options (13-18 years),no tags
Social and council housing > Housing association complaint,no tags
Mental health > Personality disorders > Borderline personality disorder,no tags
Childcare > Sure Start Children's Centres,no tags
Starting a family > Pregnancy wellbeing > Pregnancy wellbeing resources(general),no tags
Starting a family > Becoming foster parents > Support for foster parents,no tags
"Muscles, bones and joints > Leg, knee and foot > Ankle problems",no tags
Social and council housing > Council housing advice,no tags
Cancer > Kidney cancer > Renal cell cancer,no tags
Allergies > Severe allergies,no tags
Digestive system and liver > Gallbladder > Biliary sphincter disorders,no tags
Digestive system and liver > Pancreatic health > Pancreatic exocrine insufficiency(PEI),no tags
"Problems at work > Support for workers > Health, Public and Care sector support",no tags
Sleep problems > Snoring,no tags
Allergies > Allergy testing,no tags
Find a job and career advice > Career skills and training > Search career courses or training,no tags
Direction and self - improvement > Self - improvement resources,no tags
Digestive system and liver > Gallbladder > Gallstones,no tags
Benefits and tax credits > Tax credits > Working tax credits,no tags
Benefits and tax credits > Benefit sanctions,no tags
Ears and hearing > Sound sensitivities,no tags
"Heart, blood and circulation > Heart > Angina",no tags
"Heart, blood and circulation > Circulation > Lymphoedema",no tags
Cancer > Brain tumours > Acoustic neuroma,no tags
Cancer > Rare cancers > Cancer of unknown primary(CUP),no tags
Rare genetic disorders > Batten disease,no tags
Mental health > Emotional wellbeing > Hearing voices,no tags
"Skin, hair and nails > Eczema and dermatitis > Eczema",no tags
Crime support > Scams and fraud > Financial scams or fraud,no tags
Women's health  >  Hormones,no tags
Child education > Education support(5 - 12 years),no tags
Starting a family > Becoming adoptive parents > Thinking about adopting,no tags
Cancer > Brain tumours > Lymphoma of brain or spinal cord,no tags
Sleep problems > Narcolepsy,no tags
Pet care > Pet care advice(general),no tags
"Heart, blood and circulation > Heart > Coronary heart disease",no tags
Children's health  >  Infections in children,no tags
Mental health > Hoarding,no tags
Missing person > Support for a missing person,no tags
Crime support > Kidnapping or child abductions > Parental child abduction,no tags
Diabetes > Type 3c diabetes,no tags
Childcare > Childminders,no tags
Complimentary therapies > Massage therapy,no tags
Your child's development > Parent support (5-12 years)  >  Social skills and confidence (5 -12 years),no tags
Caring and care services > Care for loved ones at home,no tags
Women's health > Pelvic health  >  Vaginal mesh issues,no tags
Men's health  >  Vasectomy reversal,no tags
Spiritual wellbeing > Christianity support,no tags
Mental health > Maternal mental health > PTSD and birth trauma,no tags
Help a child facing issues > Teenage pregnancy,no tags
Mental health > Trauma and PTSD > Post - traumatic stress disorder(PTSD),no tags
Digestive system and liver > Gastric surgery > Gastric bypass surgery,no tags
"Brain, nerves and spinal cord > Tuberous sclerosis",no tags
"Brain, nerves and spinal cord > Brain injury > Brain injury support",no tags
"Skin, hair and nails > Eczema and dermatitis > Seborrhoeic dermatitis",no tags
Borrowing money > Borrowing options,no tags
Mental health > Maternal mental health > Antenatal depression(before birth),no tags
"Muscles, bones and joints > Arthritis and related conditions > Ankylosing spondylitis",no tags
"Skin, hair and nails > Common skin conditions > Scabies",no tags
Social and council housing > Stay in council home after a death,no tags
Help a child facing issues > Heartbreak in young people,no tags
Animal welfare > Dangerous animal,no tags
Cancer > Rare cancers > Gallbladder cancer,no tags
"Heart, blood and circulation > Heart > Single ventricle heart condition",no tags
Mental health > Personality disorders > Histrionic personality disorder,no tags
Your child's development > Parent support (12months-2years)  >  Behavioural support (12months - 2 years),no tags
Digestive system and liver > Appendix > Appendicitis,no tags
"Muscles, bones and joints > Movement disorders > Tics and Tourette syndrome",no tags
Your child's development > Parent support (0-12 months)  >  Exercises and activities (0-12months),no tags
Mental health > Personality disorders > Obsessive - compulsive personality disorder,no tags
Eyes and vision > Laser eye surgery,no tags
Ears and hearing > Vestibular(inner ear) disorders,no tags
Breaking up > Coping after break-up,no tags
Digestive system and liver > Intestine conditions > Perianal disease,no tags
Health and care services > Other medical services,no tags
"Muscles, bones and joints > Arthritis and related conditions > Cervical spondylosis",no tags
Viruses and infections > Hepatitis > Hepatitis C,no tags
Cancer > Rare cancers > Adrenal gland tumours,no tags
Rare genetic disorders > Congenital diaphragmatic hernia,no tags
Breaking up > End a marriage or partnership > Coping with divorce or separation,no tags
Problems at work > How to raise a problem at work,no tags
Family money matters > Will and inheritance disputes,no tags
"Skin, hair and nails > Acne and spots > Acne",no tags
Relationship support > Long - distance relationships,no tags
Crime support > Cyber crime > Revenge porn,no tags
Starting a family > Pregnancy wellbeing > Healthy eating when pregnant,no tags
Mental health > Emotional wellbeing > Paranoia,no tags
Pet care > Find help to look after your pet,no tags
Digestive system and liver > Common digestive problems > Flatulence,no tags
Sexual and reproductive health > STI's: Sexually Transmitted Infections  >  Chlamydia,no tags
Diabetes > Type 2 diabetes,no tags
Body confidence > Body Dysmorphic Disorder(BDD),no tags
Mental health > Emotional wellbeing > Feeling angry,no tags
Women's health > Pelvic health  >  Pelvic organ prolapse,no tags
Caring and care services > Home care gadgets and equipment,no tags
Mental health > Emotional wellbeing > Emotional wellbeing(general),no tags
"Brain, nerves and spinal cord > Epilepsy",no tags
Loss of a loved one > Murder or manslaughter,no tags
Cancer > Rare cancers > Myosarcoma,no tags
Starting a family > Birth options and support > Private midwives,no tags
Crime support > Cyber crime > Staying safe online,no tags
Cancer > Blood cancer > Acute myeloid leukaemia(AML),no tags
Animal welfare > Animal neglect,no tags
Pet bereavement > Pet bereavement support,no tags
"Skin, hair and nails > Alopecia",no tags
Children's health  >  Asthma in children,no tags
Lungs and breathing > Bronchiectasis,no tags
Relationship support > Relationship counselling,no tags
Digestive system and liver > Gastric surgery > Dumping syndrome,no tags
Crime support > Hate crimes and discrimination > Race or ethnicity discrimination,no tags
Problems at work > Support for workers > Engineering and Manufacturing Technologies,no tags
Your child's development > Parent support (12months-2years)  >  Healthy eating (12months - 2 years),no tags
Digestive system and liver > Bowel health > Polyps in the bowel,no tags
Crime support > Child abuse > Police check someone for child safety,no tags
Your child's development > Parent support (13-18years)  >  Parent resources (13-18 years),no tags
Cancer > Head and neck cancer > Laryngeal cancer,no tags
Crime support > Child abuse > Child abuse support,no tags
Crime support > Hate crimes and discrimination > Report hate crime,no tags
Support in Court > Understanding court processes,no tags
Mental health > Eating disorders > Anorexia,no tags
Preparing for your passing > End of life care > Deciding where to pass,no tags
Mental health > Depression > Major depressive disorder(MDD),no tags
Children with additional needs > Deaf or hard of hearing children,no tags
"Muscles, bones and joints > Arthritis and related conditions > Reactive arthritis",no tags
"Mental health > Anxiety, panic and phobias > Generalised Anxiety Disorder(GAD)",no tags
Rare genetic disorders > Haemochromatosis,no tags
Rare genetic disorders > Tracheo - oesophageal fistula(TOF),no tags
Mental health > Maternal mental health > Perinatal OCD,no tags
"Brain, nerves and spinal cord > Dementia and Alzheimer's  >  Vascular dementia",no tags
Eyes and vision > Glaucoma,no tags
"Skin, hair and nails > Skin growths and lesions > Actinic Keratosis",no tags
Sex and intimacy > Feeling pressured into sex,no tags
Mental health > Children's mental health  >  Anxious children,no tags
Cancer > Sarcomas > Gynaecological sarcoma,no tags
Cancer > Sarcomas > Gastrointestinal stromal tumours(GIST),no tags
Mental health > Eating disorders > Avoidant or restrictive food intake,no tags
Crime support > Gang crime > Pressured to join a gang,no tags
Your child's development > Parent support (13-18years)  >  Life skills (13-18 years),no tags
Find a job and career advice > Find a job > Find an apprenticeship,no tags
Gender and sexuality > Gender dysphoria and gender identity,no tags
Find a job and career advice > Find a job > Find job vacancies,no tags
Crime support > Hate crimes and discrimination > Hate crime support(general),no tags
Breaking up > End a marriage or partnership > Ending a marriage,no tags
Starting a family > Becoming adoptive parents > Adoption agencies,no tags
Your child's development > Parent support (13-18years)  >  Social skills and confidence (13-18 years),no tags
Healthy living > Fitness and exercise,no tags
"Brain, nerves and spinal cord > Dementia and Alzheimer's  >  Dementia",no tags
Cancer > Women's cancer  >  Ovarian cancer,no tags
Offenders and family support > Support for families,no tags
Digestive system and liver > Intestine conditions > Ulcerative colitis,no tags
Travel health > Stay safe in the sun,no tags
Digestive system and liver > Intestine conditions > Microscopic colitis,no tags
Crime support > Hate crimes and discrimination > Discrimination: alternative subcultures,no tags
Cancer > Brain tumours > Pineal region tumours,no tags
Your child's development > Parent support (13-18years)  >  Fitness and exercise (13-18 years),no tags
Health and care services > Social care complaints,no tags
Mental health > Addiction and recovery > Solvents addiction,no tags
Childcare > Nannies,no tags
Relationship support > Relationship doubts,no tags
Benefits and tax credits > Universal credit,no tags
Learning disabilities > Down's syndrome,no tags
Cancer > Blood cancer > Chronic myeloid leukaemia(CML),no tags
Student money > Student finance options,no tags
Money advice > Free financial advice,no tags
"Muscles, bones and joints > Movement disorders > Stiff person syndrome",no tags
Family money matters > Help with child - related costs > Help with school clothing,no tags
Pet housing and ownership > Pets in rented properties,no tags
Crime support > Gang crime > Ex - gang member support,no tags
    Work money matters > Maternity and paternity pay,no tags
Women's health > Period health  >  Periods,no tags
"Skin, hair and nails > Eczema and dermatitis > Chronic actinic dermatitis",no tags
Work money matters > Small business owner support,no tags
Benefits and tax credits > Tax credits > Child tax credit resources,no tags
Mental health > Depression > Persistent depressive disorder(dysthymia),no tags
"Muscles, bones and joints > Arthritis and related conditions > Arthritis",no tags
Homelessness support > Other homelessness support,no tags
Preparing to lose a loved one > Coping with losing someone soon,no tags
Friends > Making friends,no tags
Support for students > Student mental health,no tags
Cancer > Head and neck cancer > Tonsil cancer,no tags
Help to buy the essentials > Help with food costs,no tags
Mental health > Maternal mental health > Broad support resources,no tags
Cancer > Women's cancer  >  Womb cancer,no tags
Problems at work > Help if you become ill or disabled,no tags
Mental health > Eating disorders > Binge eating disorder,no tags
Cancer > Rare cancers > Acute lymphoblastic leukaemia(ALL),no tags
Ears and hearing > Hearing loss,no tags
Children's health  >  Help for parents of sick kids,no tags
Your child's development > Parent support (12months-2years)  >  Emotional wellbeing (12months - 2 years),no tags
Work and disabled people > Interview support for the disabled,no tags
Support for parents > Young parents,no tags
Your rights at work > Industrial actions and strikes,no tags
Cancer > Rare cancers > Ear cancer,no tags
Digestive system and liver > Common digestive problems > Diarrhoea,no tags
"Muscles, bones and joints > Leg, knee and foot > Foot problems",no tags
Health and care services > First aid,no tags
Pet bereavement > Pet burial and cremation,no tags
Mental health > Women's mental health  >  Womens mental health (general),no tags
Pet care > Pet care advice: dogs,no tags
Women's health  >  Hysterectomy,no tags
Cancer > Sarcomas > Soft tissue sarcoma,no tags
"Muscles, bones and joints > Arthritis and related conditions > Polymyalgia rheumatica(PMR)",no tags
Work money matters > Withheld wages,no tags
Family money matters > Help with child - related costs > Free school meals,no tags
Sexual and reproductive health > Pregnancy health > Pregnancy scans,no tags
Preparing for your passing > End of life support for older adults,no tags
Repairs and adaptations > Help with repair or adaptation costs,no tags
Physical disabilities > Blind or visual impairments,no tags
Benefits and tax credits > Benefit fraud,no tags
Women's health  >  Hormone Replacement Therapy (HRT),no tags
Mental health > Maternal mental health > Perinatal depression,no tags
Travel health > If you get ill abroad,no tags
Your child's development > Parent support (0-12 months)  >  Sleep support (0-12months),no tags
"Skin, hair and nails > Common skin conditions > Impetigo",no tags
Learning disabilities > Learning disability support(general),no tags
Help a child facing issues > Child being bullied,no tags
Preparing for your passing > Leaving memories and messages,no tags
Problems at work > Workplace discrimination,no tags
Mental health > Mental health care > Residential care,no tags
Mental health > Children's mental health  >  Child mental health resources,no tags
Living environment > Home safey and security,no tags
Cancer > Brain tumours > Meningioma,no tags
Your child's development > Parent support (5-12 years)  >  Fitness and exercise (5 -12 years),no tags
Find a job and career advice > Changing career,no tags
Cancer > Men's cancer  >  Prostate,no tags
Work money matters > Sick pay,no tags
Find a job and career advice > Interview support > Help to buy interview clothes,no tags
Your child's development > Parent support (0-12 months)  >  Crying and colic (0-12months),no tags
Learning disabilities > Global Development Delay,no tags
Your child's development > Parent support (5-12 years)  >  Communication skills (5 -12 years),no tags
"Muscles, bones and joints > Arthritis and related conditions > Gout",no tags
Mental health > OCD Obsessive Compulsive Disorder,no tags
Sexual and reproductive health > Pregnancy health > Anaemia in pregnancy,no tags
Cancer > Brain tumours > Pituitary tumours,no tags
Renting and landlord issues > Find a rental > Help to rent schemes,no tags
Police services > Stop and search rights,no tags
Learning disabilities > Fragile X syndrome,no tags
Pet housing and ownership > Pet ownership when separating,no tags
Friends > Bullying help for adults,no tags
"Heart, blood and circulation > Blood > Porphyria",no tags
Learning difficulties > Dyspraxia,no tags
Money advice > Find a financial advisor,no tags
Breaking up > Break - ups and pets,no tags
Support for parents > Step - parents,no tags
Gender and sexuality > LGBT + support for families,no tags
"Lost, stolen or stray pets > Stolen pet",no tags
Physical disabilities > Deafblindness,no tags
Preparing for your passing > End of life care > Advance statements and decisions(end of life),no tags
Benefits and tax credits > Tax credits > Tax credits calculator,no tags
Cancer > Head and neck cancer > Tongue cancer,no tags
Your child's development > Parent support (13-18years)  >  Communication skills (13-18 years),no tags
Physical disabilities > Cerebral palsy,no tags
Starting a family > Pregnancy wellbeing > Exercising when pregnant,no tags
Your child's development > Parent support (0-12 months)  >  Breast feeding,no tags
Learning disabilities > Adults with PMLD,no tags
Money in relationships > Prenups and postnups,no tags
Loss of a loved one > Funeral and memorials,no tags
"Brain, nerves and spinal cord > Spina bifida",no tags
Mental health > Mental health care > Sectioning and welfare rights,no tags
Viruses and infections > Coronavirus(covid - 19) > Advice and information,no tags
Children with additional needs > Children with Deafness,no tags
Homelessness support > Emergency housing and homeless hostels,no tags
Breaking up > Sorting housing matters > Separation housing rights(married),no tags
Living environment > Neighbourhood problems,no tags
Women's health  >  Fibroids,no tags
Renting and landlord issues > Problems renting > Pest problems,no tags
Physical disabilities > Deafness,no tags
Starting a family > Pregnancy wellbeing > Postpartum(after birth) care,no tags
Baby loss > Stillbirth,no tags
Renting and landlord issues > Renting rights > Landlord responsibilities,no tags
Your child's development > Parent support (13-18years)  >  Emotional wellbeing (13-18 years),no tags
Benefits and tax credits > Child benefit,no tags
Children's health  >  Children with epilepsy,no tags
Your child's development > Parent support (2-5 years)  >  Safety (2- 5 years),no tags
Support for students > Student work experience,no tags
House fires > Fire safety in the home,no tags
Your rights at work > Industrial actions and strikes,no tags
Isolation > Befriending networks,no tags
Renting and landlord issues > Find a rental > Find student accommodation,no tags
Viruses and infections > HIV and AIDS > AIDS,no tags
Body confidence > Feeling body confident,no tags
Renting and landlord issues > Find a rental > Rental scams,no tags
"Brain, nerves and spinal cord > Dementia and Alzheimer's  >  Frontotemporal dementia",no tags
Cancer > Brain tumours > Ependymoma,no tags
Problems at work > Employment tribunals,no tags
Cancer > Brain tumours > Oligodendroglioma,no tags
Viruses and infections > Hepatitis > Hepatitis B,no tags
Benefits and tax credits > Benefits injured at work,no tags
Child education > SEND resources,no tags
Physical disabilities > Tourette's syndrome,no tags
Work and disabled people > Help looking for work,no tags
Your rights at work > Trade unions,no tags
Witness support > Witness support organisations,no tags
Storms and flooding > Support after a flood or storm,no tags
"Brain, nerves and spinal cord > Headaches and migraines > Migraines",no tags
Renting and landlord issues > How to end a tenancy,no tags
Women's health  >  Polycystic Ovary Syndrome (PCOS),no tags
Support for grandparents > Raising grandchildren,no tags
Women's health  >  Menopause health,no tags
Insurance > Making an insurance claim,no tags
Your child's development > Parent support (5-12 years)  >  Sleep support (5 -12 years),no tags
Problems at work > Dismissals,no tags
Benefits and tax credits > Benefit overpayments,no tags
Preparing for your passing > End of life care > Find a hospice,no tags
Storms and flooding > Prepare for floods or storms,no tags
Sexual and reproductive health > Pregnancy health > Morning sickness,no tags
Renting and landlord issues > Find a rental > Affordable housing,no tags
Starting a family > Pregnancy wellbeing > Relationships and pregnancy,no tags
"Brain, nerves and spinal cord > Headaches and migraines > Headaches",no tags
Boredom > Learning something new,no tags
Loss of a loved one > Loss by suicide,no tags
"Brain, nerves and spinal cord > Facial nerve pain",no tags
Borrowing money > Lend to friends and family,no tags
"Brain, nerves and spinal cord > Facial nerve pain",no tags
Problems at work > Taking time off for caring,no tags
Rare genetic disorders > Charcot Marie Tooth(CMT),no tags
Viruses and infections > Loss of taste or smell,no tags
Your rights at work > Discrimination at work,no tags
Learning difficulties > Dyslexia,no tags
"Brain, nerves and spinal cord > Intracranial Hypertension(IH)",no tags
Sexual and reproductive health > STI's: Sexually Transmitted Infections  >  Genital herpes,no tags
"Brain, nerves and spinal cord > Spinal cord injury(SDI)",no tags
Rare genetic disorders > Barth syndrome,no tags
Adoption and foster care > Putting a child up for adoption > Reconnect with adopted child,no tags
    Boredom > Things to do,no tags
Rare genetic disorders > Rett syndrome,no tags
"Brain, nerves and spinal cord > Memory problems",no tags
Home support services > Mobile meals,no tags
Women's health  >  Endometriosis,no tags
Preparing for your passing > End of life planning(general),no tags
"Skin, hair and nails > Eczema and dermatitis > Dermatitis herpetiformis(DH)",no tags
Preparing for your passing > Telling others you are dying,no tags
Legal services > Free or low cost legal support,no tags
Lungs and breathing > Asbestosis,no tags
"Muscles, bones and joints > Wrist, hand and finger problems > Other wrist, hand and finger problems",no tags
Help with home costs and bills > Help with bills > Council tax reduction,no tags
"Heart, blood and circulation > Blood > High blood pressure(hypertension)",no tags
Crime support > Prostitution,no tags
Rare genetic disorders > Alstrom Syndrome,no tags
Rare genetic disorders > Ehlers - danlos syndrom(EDS),no tags
Relationship support > Affairs and infidelity,no tags
Money in relationships > Lying about money and spending,no tags
"Skin, hair and nails > Skin infections > Shingles",no tags